task,agent,run,test_state,0,1
0,Demo-only,0,0,0.49451329040244074,0.9898617250196952
