task,agent,run,test_state,0,1
0,Demo-only,0,0,0.5315857546613761,0.06420938186148706
