task,agent,run,test_state,0,1,2,3,4,5,6,7,8,9,10
0,Demo-only,0,0,0.49451329040244074,0.9898617250196952,0.9961464368935293,0.9981447549347275,0.9975795946250215,0.9975169533794745,0.998399708013676,0.9989245074941806,0.9988460825783747,0.9985842350509653,0.9989680782624226
