task,agent,run,test_state,0,1
0,Demo-only,0,0,0.5327124707828054,0.6808717780226302
