task,agent,run,test_state,0,1,2,3,4,5
0,Pref-only,0,0,0.2988717514861203,0.5346570977167248,0.40299490962207285,0.4819765608672344,0.4695789380888112,0.5159835371222968
