task,agent,run,test_state,0,1,2,3
0,INQUIRE,0,0,0.5327124707828054,0.5845366940905048,0.5893698911799446,0.5895564362589741
