task,agent,run,test_state,0,1,2,3,4,5,6,7,8,9,10
0,INQUIRE,0,0,0.5327124707828054,0.5845366940905048,0.5893698911799446,0.5895564362589741,0.6749799951235185,0.8272453033917673,0.8086273526530209,0.8728163913986057,0.8594026040334535,0.8396765004451453,0.8094331784767101
0,INQUIRE,1,0,0.4817405511136838,0.6115339622250331,0.6078873831585898,0.8833568879317283,0.8245269505764076,0.7963996813822545,0.782398183226185,0.8184906481603067,0.7952608784083492,0.787383186517987,0.839743001266745
