task,agent,run,test_state,0,1,2,3,4,5
0,Pref-only,0,0,0.5327124707828054,0.5966565949727854,0.5866696509058207,0.5806815771395728,0.45205104297944637,0.4242575760687775
