task,agent,run,test_state,0,1
0,Demo-only,0,0,0.2988717514861203,0.1687069493593095
