task,agent,run,test_state,0,1,2,3,4,5,6,7,8,9,10
0,INQUIRE,0,0,0.2988717514861203,0.4459224958943508,0.442797972527048,0.4426772683510564,0.3861951761695966,0.2728831198021767,0.28824480034118855,0.23214733017716804,0.24468930458912527,0.262260523660058,0.28759223576979587
0,INQUIRE,1,0,0.6214353866048618,0.42839280848361433,0.430772300580603,0.2218905412344283,0.2751649472638091,0.29802270611342846,0.30895470950111603,0.2801828371524268,0.29892198519643576,0.3050929276490085,0.2622028290030259
