task,agent,run,test_state,0,1
0,Demo-only,0,0,0.480759887636257,0.5139025888201488
