task,agent,run,test_state,0,1
0,Pref-only,0,0,0.2988717514861203,0.5540915513042175
