task,agent,run,test_state,0,1,2,3,4,5
0,Pref-only,0,0,0.5327124707828054,0.44566826668519244,0.5182104744719492,0.5148559277081075,0.5028755592145648,0.4919135260570641
