task,agent,run,test_state,0,1,2,3,4,5
0,Pref-only,0,0,0.2988717514861203,0.4380766372471434,0.44454427158355675,0.4484109563034334,0.5305722366391046,0.5484054785690926
