task,agent,run,test_state,0,1,2,3
0,INQUIRE,0,0,0.2988717514861203,0.4459224958943508,0.442797972527048,0.4426772683510564
