task,agent,run,test_state,0,1
0,Demo-only,0,0,0.2988717514861203,0.38218159548529157
