task,agent,run,test_state,0,1
0,Demo-only,0,0,0.7067428897973066,0.4845856139228311
